Item,Shares,Value ($)
Cash,0.0,9.949999999982428
ABBV,42.197500000000005,7579.94
AKAM,7.989,879.03
CBOE,82.6041,15185.12
CEG,4.252,713.953335571289
COR,44.516600000000004,10580.71
FANG,38.564,7115.058
FAST,7.3816,548.61
GRMN,12.4183,1812.95
IBM,9.1636,1756.94
JNPR,84.9202,3142.0474
LDOS,24.5428,3123.08
LLY,3.7939999999999996,2786.2
META,3.5055,1695.2247321624757
MOH,5.3049,2134.002064718628
MPC,0.2776,50.36
NFLX,2.4244,1456.894674243164
NRG,92.5376,5593.9
NVDA,4.2943,3683.3928400634763
NWS,10.3216,281.89
PGR,36.3304,7147.65
PKG,1.4693,275.76
PSX,39.8915,5963.380554130555
QCOM,11.405,1951.63
RL,8.1758,1458.49
STX,15.35,1408.2089672088623
T,25.6226,444.0396560451507
TSN,34.3775,1915.86
UBER,2.8212,218.55836744384766
VLTO,27.9139,2477.637823630524
WAT,9.8531,3486.6178216674803
WDC,2.9835,185.12617272377014
WM,0.9943,208.0871027862549
WRK,58.902,2729.52
